,Factor1,Factor2,communality,uniqueness
bkt_bf_prediction,-0.924675994199533,-0.23360957211853112,0.909599126434298,0.09035712256557948
BKT_forgetting_prediction,-0.8956431999773704,-0.054405850316944615,0.8051367382144138,0.19484504140669068
PFA_prediction,-0.8888341364296982,-0.37137573455845363,0.9279460583015584,0.07219447876183449
ELO_prediction,-0.287975402243301,-0.29513282886689585,0.17003321897216744,0.8298929900101878
KTM_prediction,-0.7589410380652037,-0.3473149083839493,0.6966191448452401,0.3033643022262428
DKT_prediction,-0.9712710451069507,0.1247006392126617,0.9589176924831948,0.04108018002082936
DSAKT_prediction,-0.9629932259992617,0.15673494030844548,0.9519217948339571,0.04807183369796686
ATKT_prediction,-0.9732171325977433,0.09457154786268929,0.9560953648469185,0.043907420241334205
