n_samples,n_features,n_factors,avg_loglike,total_loglike,n_parameters,AIC,BIC,level
3852,8,1,-6.2566067140237696,-24100.44906241956,16,48232.89812483912,48332.99968920581,between
3852,8,2,-5.725315376579685,-22053.914830584945,23,44153.82966116989,44297.725659947006,between
331381,8,1,-9.097970752847768,-3014894.6460494464,16,6029821.292098893,6029992.668483689,within
331381,8,2,-8.222430776474058,-2724757.3331387495,23,5449560.666277499,5449807.019830644,within
