,Factor1,Factor2,Factor3,Factor4,communality,uniqueness
bkt_bf_prediction,-0.700448944905571,0.17654288433841292,-0.611363699583355,0.21793248682335822,0.9430562564111138,0.05693966014392904
BKT_forgetting_prediction,-0.768255054811887,0.05725473226632605,-0.46250941412611807,0.2107604493286728,0.8518288587674133,0.1481741141552022
PFA_prediction,-0.5757251226647024,0.21494830120704816,-0.781532217381504,-0.031246463127957334,0.9894311373223399,0.010585596195091806
ELO_prediction,-0.07665203561364559,0.9656566318632163,-0.11025206598489118,0.013109432730010338,0.9506956405055662,0.049384598540798796
KTM_prediction,-0.4857773666816114,0.5450922740065584,-0.5280959237286644,-0.019714869700321123,0.8123792179078937,0.1876025425796266
DKT_prediction,-0.9107174302390597,0.15489544014964118,-0.33470824950898853,-0.04685162213274059,0.9676235219062281,0.03237620564703014
DSAKT_prediction,-0.9125967500832066,0.13713225886137895,-0.3127293834279681,-0.022955211978389803,0.9499646936990647,0.05003548468639518
ATKT_prediction,-0.8986800436580726,0.1528336856738313,-0.35215773434248687,0.06591477639749659,0.9593437839506883,0.04065605909807046
