,Factor1,Factor2,Factor3,Factor4,communality,uniqueness
bkt_bf_prediction,0.3174568271033552,-0.16113548662566163,-0.8517298102068827,0.10705989313883452,0.8636489724385693,0.13635102756142992
BKT_forgetting_prediction,0.22401845215242647,-0.09829924054830119,-0.7879037135672463,-0.0674004563099011,0.685182090960982,0.3148179090390173
PFA_prediction,0.26170593468824954,-0.23605974216504902,-0.7934102134519077,-0.1829303173434878,0.7871774659352706,0.21282253406472917
ELO_prediction,0.1144321485459458,-0.885102702876716,-0.04387789230701153,0.14724406647989569,0.8201075958073513,0.17989240419264907
KTM_prediction,0.18797765569228175,-0.7798599386597833,-0.4141970850235731,-0.31037328298118855,0.911407922996553,0.08859207700344607
DKT_prediction,0.913020816785584,-0.13020082590479756,-0.21091022510459215,-0.020531715000416492,0.8954639413246344,0.10453605867536486
DSAKT_prediction,0.9361804872314521,-0.10729498995006292,-0.18117534434848429,-0.024065527481567747,0.9213497745540611,0.0786502254459378
ATKT_prediction,0.8833183006393934,-0.12165241390933129,-0.2890002336601706,-0.012229799845259362,0.8787212331143214,0.12127876688567751
