"","ML2","ML3","ML1"
"ML2",1,0.648863746526239,0.37187271272702
"ML3",0.648863746526239,1,0.482517372376302
"ML1",0.37187271272702,0.482517372376302,1
