"","ML1","ML3","ML2"
"ML1",1,0.882398205767539,0.525099957914982
"ML3",0.882398205767539,1,0.605345647602551
"ML2",0.525099957914982,0.605345647602551,1
