"","ML2","ML3","ML1"
"ML2",1,0.511622505628127,0.340050919292626
"ML3",0.511622505628127,1,0.480825199886246
"ML1",0.340050919292626,0.480825199886246,1
